productId,title,brand,lprice,image,link
40655140276,남여공용 스투시 베이직 로고 반팔티셔츠 BLACKWHITE -,스투시,32960,https://shopping-phinf.pstatic.net/main_4065514/40655140276.20240526074654.jpg,https://search.shopping.naver.com/catalog/40655140276
46139137391,지오다노 코튼 피케 폴로 반팔 티셔츠 013502,지오다노,11700,https://shopping-phinf.pstatic.net/main_4613913/46139137391.20240531124510.jpg,https://search.shopping.naver.com/catalog/46139137391
86472451126,반팔티 무지티 남자 여름 기본 면 이너 라운드 빅사이즈 단체티,,4890,https://shopping-phinf.pstatic.net/main_8647245/86472451126.1.jpg,https://smartstore.naver.com/main/products/8927950803
38988916962,라코스테 남성 슬림핏 카라 반팔 티셔츠 PH4012,라코스테,38250,https://shopping-phinf.pstatic.net/main_3898891/38988916962.20240314122523.jpg,https://search.shopping.naver.com/catalog/38988916962
85701462677,무지티 남자 반팔티 17수 32수 오버핏 빅사이즈,프린트스타,5900,https://shopping-phinf.pstatic.net/main_8570146/85701462677.3.jpg,https://smartstore.naver.com/main/products/8156962354
83825153567,기능성 반팔 쿨티셔츠 남자 무지 쿨론 헬스 냉감 쿨링 운동 티셔츠,,5500,https://shopping-phinf.pstatic.net/main_8382515/83825153567.7.jpg,https://smartstore.naver.com/main/products/6280651078
82047079376,남자 오버핏 박스 반팔 여름 티셔츠 빅사이즈 반팔티,,19800,https://shopping-phinf.pstatic.net/main_8204707/82047079376.10.jpg,https://smartstore.naver.com/main/products/4502556456
84618944775,남자 반팔티 무지 티셔츠 17수 32수,프린트스타,5900,https://shopping-phinf.pstatic.net/main_8461894/84618944775.6.jpg,https://smartstore.naver.com/main/products/7074444453
84658035941,(매장판) 나이키 반팔티 기능성 드라이핏 반팔 티셔츠,나이키,15900,https://shopping-phinf.pstatic.net/main_8465803/84658035941.16.jpg,https://smartstore.naver.com/main/products/7113535619
84146415087,(매장판) 아디다스 반팔티 기능성 쿨 반팔 티셔츠,아디다스,11000,https://shopping-phinf.pstatic.net/main_8414641/84146415087.6.jpg,https://smartstore.naver.com/main/products/6601914765
47181793552,타미힐피거 커플 여름 PK 반팔 카라티,타미힐피거,29910,https://shopping-phinf.pstatic.net/main_4718179/47181793552.20240419150824.jpg,https://search.shopping.naver.com/catalog/47181793552
85221485675,쿨티셔츠 냉감 기능성 라운드 반팔티 긴팔 남자 여름 남성 봄 스판 냉장고 반목 빅사이즈,산토초이,4700,https://shopping-phinf.pstatic.net/main_8522148/85221485675.5.jpg,https://smartstore.naver.com/main/products/7676985353
87099744126,라코스테 반팔티 크루넥 베이직 라운드 여름 티셔츠,라코스테,34900,https://shopping-phinf.pstatic.net/main_8709974/87099744126.jpg,https://smartstore.naver.com/main/products/9555241856
82425930806,메종키츠네 반팔티 카라티 더블 폭스헤드 칠랙스 핸드라이팅,메종키츠네,91000,https://shopping-phinf.pstatic.net/main_8242593/82425930806.11.jpg,https://smartstore.naver.com/main/products/4881407335
87719064917,지오다노카라티 피케 폴로티 반팔티셔츠 014502,지오다노,16920,https://shopping-phinf.pstatic.net/main_8771906/87719064917.jpg,https://shopping.naver.com/outlink/itemdetail/10174561575
83121564557,나이키 반팔티셔츠 남여공용 클럽로고 스우시 에어조던 커플티셔츠,나이키,26990,https://shopping-phinf.pstatic.net/main_8312156/83121564557.17.jpg,https://smartstore.naver.com/main/products/5577068485
87643481769,폴로 랄프로렌 PK 남성 커스텀 슬림핏 반팔 카라 티셔츠,폴로,45900,https://shopping-phinf.pstatic.net/main_8764348/87643481769.jpg,https://smartstore.naver.com/main/products/10098979065
83045732764,남자반팔티 기능성 쿨 심리스 이너 티셔츠 쿨링 남성 런닝 아이스 무지 V넥 반팔,,5700,https://shopping-phinf.pstatic.net/main_8304573/83045732764.jpg,https://smartstore.naver.com/main/products/5501237513
44910813703,칼하트 K87 워크웨어 포켓 반팔티셔츠,칼하트,21900,https://shopping-phinf.pstatic.net/main_4491081/44910813703.20240524082825.jpg,https://search.shopping.naver.com/catalog/44910813703
83231280650,D 익스트림 USA코튼 티셔츠 - 10수 어깨넓어보이는 두꺼운 세미 오버핏 반팔,자바나스,19900,https://shopping-phinf.pstatic.net/main_8323128/83231280650.jpg,https://smartstore.naver.com/main/products/5686782821
